1000_rmse_mean,1000_rmse_stdev,1000_r2_mean,1000_r2_stdev
1.3167945876495508,0.0008121409722214867,0.06369331768321035,0.0011827732638716726
